User ID,Operating System,App Usage Time (min/day),Screen On Time (hours/day),Battery Drain (mAh/day),Number of Apps Installed,Data Usage (MB/day),Age,Gender,User Behavior Class
236.0,Android,37.0,1.4,369.0,18.0,295.0,19.0,Female,1.0
175.0,Android,51.0,1.6,509.0,11.0,113.0,29.0,Female,1.0
470.0,Android,39.0,1.9,541.0,16.0,294.0,37.0,Male,1.0
77.0,Android,34.0,2.0,558.0,14.0,122.0,54.0,Female,1.0
465.0,Android,68.0,1.3,583.0,10.0,281.0,26.0,Female,1.0
106.0,Android,66.0,1.2,585.0,12.0,264.0,36.0,Male,1.0
214.0,Android,41.0,1.1,588.0,10.0,246.0,22.0,Male,1.0
493.0,Android,87.0,1.5,594.0,19.0,198.0,36.0,Female,1.0
129.0,Android,125.0,2.5,678.0,34.0,465.0,31.0,Male,2.0
89.0,Android,137.0,3.3,839.0,31.0,348.0,34.0,Female,2.0
156.0,Android,158.0,3.4,893.0,36.0,493.0,32.0,Male,2.0
517.0,Android,120.0,3.8,940.0,36.0,535.0,44.0,Male,2.0
662.0,Android,138.0,3.1,947.0,29.0,545.0,48.0,Male,2.0
254.0,Android,100.0,2.4,982.0,31.0,478.0,48.0,Female,2.0
429.0,Android,94.0,2.3,1033.0,33.0,369.0,58.0,Male,2.0
54.0,Android,97.0,2.2,1101.0,38.0,375.0,53.0,Male,2.0
105.0,Android,166.0,2.8,1113.0,28.0,360.0,25.0,Male,2.0
171.0,Android,92.0,3.7,1124.0,27.0,524.0,44.0,Male,2.0
562.0,Android,121.0,2.1,1188.0,21.0,578.0,18.0,Male,2.0
663.0,Android,130.0,3.2,1189.0,37.0,448.0,45.0,Male,2.0
646.0,Android,174.0,2.9,1197.0,23.0,345.0,20.0,Female,2.0
31.0,Android,260.0,6.0,1361.0,44.0,889.0,37.0,Female,3.0
658.0,Android,278.0,5.3,1368.0,56.0,894.0,40.0,Female,3.0
507.0,Android,238.0,5.1,1408.0,45.0,941.0,27.0,Male,3.0
41.0,Android,240.0,4.7,1464.0,52.0,708.0,56.0,Female,3.0
179.0,Android,207.0,5.7,1582.0,52.0,692.0,38.0,Male,3.0
653.0,Android,206.0,5.2,1632.0,47.0,694.0,30.0,Male,3.0
258.0,Android,272.0,5.0,1655.0,45.0,686.0,19.0,Female,3.0
14.0,Android,215.0,4.9,1662.0,43.0,857.0,43.0,Male,3.0
587.0,Android,197.0,4.4,1665.0,44.0,608.0,43.0,Female,3.0
277.0,Android,269.0,5.9,1666.0,42.0,629.0,32.0,Female,3.0
177.0,Android,255.0,5.4,1738.0,42.0,826.0,21.0,Male,3.0
109.0,Android,187.0,5.5,1754.0,55.0,711.0,50.0,Female,3.0
104.0,Android,274.0,4.2,1781.0,52.0,934.0,28.0,Male,3.0
294.0,Android,226.0,4.5,1781.0,45.0,649.0,27.0,Female,3.0
259.0,Android,201.0,4.0,1791.0,50.0,914.0,18.0,Male,3.0
686.0,Android,412.0,6.6,1859.0,67.0,1393.0,18.0,Male,4.0
489.0,Android,416.0,7.3,1882.0,62.0,1333.0,32.0,Female,4.0
693.0,Android,378.0,6.7,1898.0,78.0,1455.0,48.0,Female,4.0
223.0,Android,351.0,6.1,1941.0,79.0,1290.0,21.0,Female,4.0
595.0,Android,447.0,6.3,1959.0,63.0,1441.0,48.0,Male,4.0
551.0,Android,455.0,6.2,1984.0,72.0,1287.0,42.0,Male,4.0
158.0,Android,339.0,7.8,2102.0,71.0,1062.0,51.0,Male,4.0
301.0,Android,420.0,6.5,2113.0,65.0,1314.0,35.0,Male,4.0
115.0,Android,471.0,7.9,2156.0,76.0,1324.0,54.0,Female,4.0
62.0,Android,309.0,7.5,2292.0,77.0,1253.0,57.0,Female,4.0
59.0,Android,428.0,7.0,2306.0,75.0,1144.0,22.0,Male,4.0
682.0,Android,380.0,7.6,2354.0,77.0,1191.0,30.0,Male,4.0
659.0,Android,463.0,6.8,2358.0,68.0,1236.0,43.0,Female,4.0
83.0,Android,330.0,7.2,2363.0,77.0,1133.0,21.0,Female,4.0
623.0,Android,453.0,7.4,2363.0,65.0,1046.0,41.0,Female,4.0
472.0,Android,541.0,9.4,2452.0,93.0,1811.0,53.0,Female,5.0
665.0,Android,555.0,10.3,2568.0,83.0,2003.0,52.0,Male,5.0
575.0,Android,519.0,10.9,2571.0,93.0,2163.0,47.0,Female,5.0
260.0,Android,570.0,9.0,2613.0,98.0,2497.0,49.0,Female,5.0
531.0,Android,589.0,11.8,2629.0,86.0,2479.0,43.0,Female,5.0
226.0,Android,511.0,10.8,2712.0,97.0,2438.0,59.0,Female,5.0
233.0,Android,537.0,10.0,2720.0,83.0,1763.0,35.0,Male,5.0
242.0,Android,564.0,11.7,2764.0,81.0,2133.0,37.0,Female,5.0
694.0,Android,505.0,8.6,2792.0,82.0,1709.0,31.0,Male,5.0
401.0,Android,522.0,11.1,2821.0,86.0,1891.0,42.0,Male,5.0
64.0,Android,545.0,11.5,2911.0,87.0,1717.0,21.0,Female,5.0
613.0,Android,553.0,10.2,2911.0,82.0,2441.0,44.0,Male,5.0
412.0,Android,575.0,8.2,2918.0,88.0,1928.0,50.0,Male,5.0
673.0,Android,500.0,11.2,2925.0,84.0,2438.0,27.0,Male,5.0
389.0,Android,563.0,11.6,2968.0,92.0,2191.0,34.0,Female,5.0
185.0,Android,597.0,10.4,2984.0,91.0,1564.0,34.0,Female,5.0
166.0,Android,540.0,8.4,2993.0,98.0,1540.0,49.0,Female,5.0
